id,label,class,pagerank
0,韦小宝,韦小宝,33.905
1,令狐冲,令狐冲,20.1766
2,张无忌,张无忌,19.7111
3,郭靖,郭靖,15.8956
4,杨过,杨过,14.5438
5,袁承志,袁承志,13.7979
6,段誉,段誉,13.7219
7,黄蓉,郭靖,13.5701
8,胡斐,胡斐,13.1232
9,汉子,令狐冲,12.9527
10,陈家洛,陈家洛,9.3365
11,石破天,石破天,8.105
12,吴三桂,韦小宝,7.7415
13,岳不群,令狐冲,7.326
14,赵敏,张无忌,7.1658
15,谢逊,张无忌,6.7785
16,大汉,韦小宝,6.5002
17,狄云,狄云,6.1939
18,小龙女,杨过,6.1286
19,虚竹,段誉,5.7382
20,骆冰,陈家洛,5.6517
21,文泰来,陈家洛,5.6446
22,徐天宏,陈家洛,5.5403
23,乔峰,段誉,5.4595
24,王语嫣,段誉,5.2779
25,周芷若,张无忌,5.2236
26,杨逍,张无忌,5.2122
27,林平之,令狐冲,5.1615
28,慕容复,段誉,5.156
29,张翠山,张无忌,4.9306
30,赵半山,陈家洛,4.8979
31,程灵素,胡斐,4.8914
32,石清,石破天,4.6886
33,阿朱,段誉,4.6831
34,岳灵珊,令狐冲,4.5618
35,余鱼同,陈家洛,4.4465
36,陆菲青,陈家洛,4.28
37,周绮,陈家洛,4.0962
38,丘处机,郭靖,4.0878
39,黄药师,郭靖,4.0774
40,张召重,陈家洛,4.0756
41,段正淳,段誉,4.0724
42,张三丰,张无忌,4.0258
43,双儿,韦小宝,4.0027
44,郭襄,杨过,3.9301
45,阿紫,段誉,3.8538
46,仪琳,令狐冲,3.829
47,陈近南,韦小宝,3.7596
48,霍青桐,陈家洛,3.6783
49,周仲英,陈家洛,3.6013
50,卫春华,陈家洛,3.5956
51,福康安,胡斐,3.5232
52,郭芙,杨过,3.4936
53,章进,陈家洛,3.4861
54,周伯通,郭靖,3.4505
55,苗人凤,胡斐,3.3959
56,殷梨亭,张无忌,3.3902
57,洪七公,郭靖,3.3711
58,白万剑,石破天,3.3269
59,心砚,陈家洛,3.3071
60,左冷禅,令狐冲,3.2233
61,丁春秋,段誉,3.2091
62,李沅芷,陈家洛,3.1899
63,李莫愁,杨过,3.1809
64,任我行,令狐冲,3.1648
65,木婉清,段誉,3.1037
66,鸠摩智,段誉,3.0947
67,韦一笑,张无忌,3.0511
68,徐天川,韦小宝,3.0246
69,方证,令狐冲,2.9057
70,包不同,段誉,2.8777
71,田伯光,令狐冲,2.8573
72,闵柔,石破天,2.853
73,方怡,韦小宝,2.8349
74,余沧海,令狐冲,2.8347
75,柯镇恶,郭靖,2.7996
76,向问天,令狐冲,2.7922
77,宋远桥,张无忌,2.7898
78,说不得,张无忌,2.7852
79,灭绝师太,张无忌,2.7836
80,哑巴,袁承志,2.7532
81,殷素素,张无忌,2.7494
82,马春花,胡斐,2.7288
83,定逸,令狐冲,2.5433
84,朱聪,郭靖,2.5423
85,游坦之,段誉,2.5024
86,洪胜海,袁承志,2.4925
87,鳌拜,韦小宝,2.4869
88,空智,张无忌,2.3983
89,钟灵,段誉,2.3884
90,玄难,段誉,2.3769
91,小桂子,韦小宝,2.3689
92,杨康,郭靖,2.3498
93,刘正风,令狐冲,2.3272
94,周颠,张无忌,2.3238
95,老头子,令狐冲,2.3076
96,殷天正,张无忌,2.2962
97,沐剑屏,韦小宝,2.2802
98,郑克爽,韦小宝,2.2753
99,劳德诺,令狐冲,2.2752
100,段延庆,段誉,2.271
101,莫大,令狐冲,2.2681
102,冲虚,令狐冲,2.244
103,丁不四,石破天,2.2379
104,完颜洪烈,郭靖,2.2354
105,水笙,狄云,2.234
106,戚芳,狄云,2.2195
107,胖子,郭靖,2.1967
108,阿碧,段誉,2.1869
109,袁紫衣,胡斐,2.1854
110,邓百川,段誉,2.163
111,范遥,张无忌,2.1578
112,金轮法王,杨过,2.1501
113,空闻,张无忌,2.145
114,梅超风,郭靖,2.1223
115,东方不败,令狐冲,2.1178
116,俞岱岩,张无忌,2.1172
117,万震山,狄云,2.1083
118,归辛树,袁承志,2.1076
119,吴应熊,韦小宝,2.107
120,焦宛儿,袁承志,2.0807
121,朱丹臣,段誉,2.0458
122,田归农,胡斐,2.0275
123,尹志平,郭靖,2.025
124,杨成协,陈家洛,2.0113
125,程青竹,袁承志,2.0096
126,马钰,郭靖,2.0079
127,欧阳克,郭靖,1.9997
128,桃根仙,令狐冲,1.9959
129,万圭,狄云,1.9944
130,何铁手,袁承志,1.9783
131,巴天石,段誉,1.9773
132,茅十八,韦小宝,1.9749
133,赵志敬,郭靖,1.9493
134,苏普,苏普,1.9416
135,归二娘,袁承志,1.9398
136,李文秀,苏普,1.9318
137,风际中,韦小宝,1.9285
138,宋青书,张无忌,1.9129
139,李自成,韦小宝,1.9116
140,索额图,韦小宝,1.9002
141,张松溪,张无忌,1.8987
142,徐铮,胡斐,1.8922
143,梅剑和,袁承志,1.8662
144,胖头陀,韦小宝,1.8572
145,杨不悔,张无忌,1.8543
146,桃枝仙,令狐冲,1.8529
147,孟健雄,陈家洛,1.8491
148,何太冲,张无忌,1.83
149,风波恶,段誉,1.8217
150,金花婆婆,张无忌,1.8171
151,小昭,张无忌,1.8171
152,彭莹玉,张无忌,1.7944
153,纪晓芙,张无忌,1.7829
154,仪和,令狐冲,1.7806
155,贝海石,石破天,1.7732
156,王剑英,胡斐,1.7731
157,陈友谅,张无忌,1.7661
158,王处一,郭靖,1.7645
159,圆真,张无忌,1.7451
160,桃干仙,令狐冲,1.7265
161,施琅,韦小宝,1.7123
162,公冶乾,段誉,1.7117
163,商宝震,胡斐,1.7087
164,拖雷,郭靖,1.7079
165,桃花仙,令狐冲,1.7047
166,韩小莹,郭靖,1.7036
167,何足道,杨过,1.7034
168,黄真,袁承志,1.6957
169,彭连虎,郭靖,1.6821
170,玄慈,段誉,1.6777
171,陆无双,杨过,1.6775
172,谢烟客,石破天,1.6518
173,潇湘子,杨过,1.6497
174,胡大哥,胡斐,1.6386
175,李可秀,陈家洛,1.635
176,阿曼,苏普,1.6313
177,王夫人,段誉,1.6304
178,丁典,狄云,1.6272
179,陆大有,令狐冲,1.6134
180,商老太,胡斐,1.6102
181,张三,石破天,1.5953
182,韩宝驹,郭靖,1.5894
183,祖千秋,令狐冲,1.5876
184,沙通天,郭靖,1.5831
185,吴六奇,韦小宝,1.5732
186,汤沛,胡斐,1.5703
187,蒋四根,陈家洛,1.5644
188,花铁干,狄云,1.5601
189,成昆,张无忌,1.5536
190,赵钱孙,段誉,1.5514
191,马行空,胡斐,1.5376
192,曹云奇,陶子安,1.5371
193,孙仲寿,袁承志,1.5359
194,莫声谷,张无忌,1.5353
195,云中鹤,段誉,1.526
196,闵子华,袁承志,1.5237
197,苏星河,段誉,1.5224
198,李力世,韦小宝,1.5191
199,阿九,袁承志,1.5121
200,林震南,令狐冲,1.512
201,胡青牛,张无忌,1.5069
202,裘千仞,郭靖,1.4915
203,穆人清,袁承志,1.4887
204,少妇,陈家洛,1.4776
205,全金发,郭靖,1.4703
206,钱老本,韦小宝,1.4625
207,耶律齐,杨过,1.461
208,仪清,令狐冲,1.4592
209,木卓伦,陈家洛,1.4496
210,何惕守,袁承志,1.4491
211,冯锡范,韦小宝,1.4441
212,乌老大,段誉,1.4433
213,崔希敏,袁承志,1.4415
214,马夫人,段誉,1.4336
215,吴立身,韦小宝,1.4307
216,崔秋山,袁承志,1.4296
217,桃实仙,令狐冲,1.4251
218,石双英,陈家洛,1.4238
219,吴之荣,韦小宝,1.419
220,焦公礼,袁承志,1.4143
221,钟万仇,段誉,1.4105
222,李四,石破天,1.4094
223,常遇春,张无忌,1.4031
224,苏鲁克,苏普,1.3953
225,桃叶仙,令狐冲,1.3913
226,胡一刀,胡斐,1.3893
227,胡桂南,袁承志,1.3891
228,一灯大师,郭靖,1.3873
229,石中玉,石破天,1.3856
230,顾金标,陈家洛,1.3854
231,宝树,张无忌,1.3739
232,陆高轩,韦小宝,1.3681
233,铁木真,郭靖,1.3677
234,陈正德,陈家洛,1.3654
235,九难,韦小宝,1.3625
236,空见,张无忌,1.3582
237,鹿杖客,张无忌,1.3405
238,白自在,石破天,1.3397
239,丁不三,石破天,1.3397
240,天门道人,令狐冲,1.3346
241,霍都,杨过,1.3341
242,白振,陈家洛,1.327
243,叶二娘,段誉,1.3228
244,黑白子,令狐冲,1.316
245,木高峰,令狐冲,1.3152
246,尹克西,杨过,1.3091
247,温青,袁承志,1.3062
248,哈合台,陈家洛,1.3049
249,殷离,张无忌,1.299
250,白寒枫,韦小宝,1.2985
251,朱子柳,杨过,1.2923
252,无色,杨过,1.2881
253,梁子翁,郭靖,1.286
254,沐剑声,韦小宝,1.2791
255,徐长老,段誉,1.2773
256,温方达,袁承志,1.2738
257,杨铁心,郭靖,1.267
258,皇太后,韦小宝,1.247
259,华筝,郭靖,1.2406
260,童兆和,陈家洛,1.2366
261,执法长老,张无忌,1.2348
262,樊纲,韦小宝,1.232
263,兆惠,陈家洛,1.2297
264,丹青生,令狐冲,1.2179
265,桑结,韦小宝,1.2141
266,陈圆圆,韦小宝,1.2129
267,武三通,杨过,1.2127
268,何红药,袁承志,1.208
269,尼摩星,杨过,1.2064
270,苗若兰,胡斐,1.2018
271,刘一舟,韦小宝,1.2015
272,车尔库,苏普,1.2009
273,车夫,韦小宝,1.195
274,萧中慧,卓天雄,1.1933
275,多隆,韦小宝,1.1927
276,穆念慈,郭靖,1.1901
277,公孙止,杨过,1.1896
278,安健刚,陈家洛,1.1832
279,王维扬,陈家洛,1.1816
280,柳大洪,韦小宝,1.1775
281,陈达海,苏普,1.1774
282,朱元璋,张无忌,1.1761
283,苏菲亚,韦小宝,1.1725
284,侯通海,郭靖,1.1652
285,白二,韦小宝,1.1652
286,郝大通,郭靖,1.1649
287,安大娘,袁承志,1.1624
288,裘千尺,杨过,1.1619
289,阮星竹,段誉,1.1555
290,武修文,杨过,1.1553
291,李岩,袁承志,1.1526
292,吴坎,狄云,1.1476
293,谭婆,段誉,1.1465
294,上官,令狐冲,1.1459
295,安提督,胡斐,1.1293
296,空性,张无忌,1.1273
297,全冠清,段誉,1.1125
298,秦红棉,段誉,1.1111
299,瑞大林,陈家洛,1.0953
300,温方山,袁承志,1.0943
301,陆冠英,郭靖,1.0921
302,谭公,段誉,1.0916
303,葛尔丹,韦小宝,1.0914
304,曾柔,韦小宝,1.0912
305,渡厄,张无忌,1.0805
306,丁敏君,张无忌,1.0768
307,鲁有脚,郭靖,1.0746
308,南希仁,郭靖,1.0706
309,徐达,张无忌,1.0671
310,范骅,段誉,1.0638
311,殷仲翔,胡斐,1.062
312,常赫志,陈家洛,1.0595
313,冲虚道长,令狐冲,1.058
314,耿万钟,石破天,1.0518
315,关明梅,陈家洛,1.0502
316,王道,郭靖,1.0486
317,王剑杰,胡斐,1.0467
318,卓天雄,卓天雄,1.0425
319,鹤笔翁,张无忌,1.0397
320,崔百泉,段誉,1.0352
321,殷野王,张无忌,1.0347
322,归钟,韦小宝,1.0328
323,安小慧,袁承志,1.0308
324,明珠,韦小宝,1.0273
325,计无施,令狐冲,1.0267
326,张康年,韦小宝,1.0239
327,温方义,袁承志,1.0235
328,上官云,令狐冲,1.0183
329,孙不二,郭靖,1.0134
330,袁士霄,陈家洛,1.0063
331,林玉龙,卓天雄,1.0062
332,不戒和尚,令狐冲,0.9924
333,任飞燕,卓天雄,0.9895
334,澄光,韦小宝,0.9829
335,秃笔翁,令狐冲,0.9799
336,常伯志,陈家洛,0.9794
337,传功长老,张无忌,0.9716
338,张朝唐,袁承志,0.9714
339,韩文冲,陈家洛,0.971
340,血刀老祖,狄云,0.962
341,刘培生,袁承志,0.961
342,汪铁鹗,胡斐,0.9561
343,瘦头陀,韦小宝,0.9546
344,黄钟公,令狐冲,0.9544
345,薛慕华,段誉,0.9544
346,皇太极,袁承志,0.9538
347,行痴,韦小宝,0.9535
348,朱安国,袁承志,0.9528
349,顾炎武,韦小宝,0.951
350,曹化淳,袁承志,0.9495
351,玄寂,段誉,0.946
352,陈禹,胡斐,0.9459
353,苏荃,韦小宝,0.9441
354,陶子安,曹云奇,0.9404
355,关安基,韦小宝,0.9396
356,建宁公主,韦小宝,0.9396
357,单正,段誉,0.9394
358,方生,令狐冲,0.9377
359,史火龙,张无忌,0.934
360,忽必烈,杨过,0.9334
361,童子,郭靖,0.9313
362,郑萼,令狐冲,0.9297
363,石万嗔,胡斐,0.9237
364,袁冠南,卓天雄,0.9198
365,费彬,令狐冲,0.9173
366,赵齐贤,韦小宝,0.9164
367,澄观,韦小宝,0.9141
368,达尔巴,杨过,0.9089
369,班淑娴,张无忌,0.9024
370,店伴,胡斐,0.9018
371,林兴珠,韦小宝,0.8988
372,成璜,陈家洛,0.8981
373,明月,张无忌,0.8946
374,本因,段誉,0.8926
375,苏冈,韦小宝,0.8885
376,范一飞,石破天,0.8875
377,农夫,郭靖,0.8844
378,褚万里,段誉,0.8765
379,海兰弼,胡斐,0.8747
380,吕七,袁承志,0.8726
381,桑昆,郭靖,0.8721
382,花万紫,石破天,0.87
383,司马林,段誉,0.8695
384,白世镜,段誉,0.8637
385,薛鹊,胡斐,0.8628
386,马超兴,韦小宝,0.8625
387,言伯乾,陈家洛,0.8607
388,慕容景岳,胡斐,0.8606
389,康广陵,段誉,0.8592
390,孟伯飞,袁承志,0.8583
391,玉真子,袁承志,0.8543
392,田青文,曹云奇,0.8502
393,觉远,杨过,0.8485
394,武敦儒,杨过,0.8484
395,张阿生,郭靖,0.8419
396,高三娘子,石破天,0.8411
397,朱九真,张无忌,0.8393
398,风清扬,令狐冲,0.8362
399,渡劫,张无忌,0.8348
400,玉林,韦小宝,0.8319
401,司空玄,段誉,0.8243
402,洞玄,袁承志,0.8233
403,戚长发,狄云,0.8224
404,王元霸,令狐冲,0.8208
405,王罕,郭靖,0.8195
406,倪浩,袁承志,0.8191
407,陶百岁,曹云奇,0.8184
408,杨溢之,韦小宝,0.8165
409,绿竹翁,令狐冲,0.816
410,朱长龄,张无忌,0.8152
411,杨鹏举,袁承志,0.8125
412,曲洋,令狐冲,0.8082
413,言达平,狄云,0.8032
414,封万里,石破天,0.8012
415,游迅,令狐冲,0.8001
416,张勇,韦小宝,0.7994
417,阎基,胡斐,0.7994
418,简捷,张无忌,0.798
419,西华子,张无忌,0.7956
420,冯难敌,袁承志,0.792
421,郑起云,袁承志,0.7874
422,灵智上人,郭靖,0.7868
423,韩林儿,张无忌,0.7857
424,札木合,郭靖,0.7857
425,定静师太,令狐冲,0.7822
426,完颜萍,杨过,0.7816
427,渡难,张无忌,0.7815
428,刘元鹤,陶子安,0.7779
429,秦耐之,胡斐,0.7768
430,清风,段誉,0.7756
431,孙婆婆,杨过,0.7747
432,曾铁鸥,胡斐,0.7656
433,不平道人,段誉,0.7592
434,成自学,石破天,0.7589
435,华赫艮,段誉,0.7586
436,王万仞,石破天,0.7574
437,卜垣,狄云,0.7543
438,王进宝,韦小宝,0.7538
439,左子穆,段誉,0.7504
440,杨莲亭,令狐冲,0.7499
441,过彦之,段誉,0.7484
442,罗立如,袁承志,0.7483
443,甘宝宝,段誉,0.7469
444,窝阔台,郭靖,0.7467
445,哲罗星,段誉,0.7465
446,彼得,韦小宝,0.7433
447,掌棒龙头,张无忌,0.7422
448,盖一鸣,盖一鸣,0.7398
449,温方悟,袁承志,0.7356
450,高升泰,段誉,0.7341
451,应松,袁承志,0.7337
452,平一指,令狐冲,0.7318
453,吕正平,石破天,0.7317
454,赵良栋,韦小宝,0.7297
455,史季强,杨过,0.7255
456,刘鹤真,胡斐,0.7247
457,水岱,狄云,0.7229
458,波罗星,段誉,0.7187
459,卫璧,张无忌,0.7184
460,范百龄,段誉,0.7178
461,多尔衮,袁承志,0.7151
462,刀白凤,段誉,0.7144
463,慕容博,段誉,0.7135
464,郭啸天,郭靖,0.7132
465,樊一翁,杨过,0.7109
466,刘处玄,郭靖,0.7105
467,张夫人,令狐冲,0.7098
468,鲁坤,狄云,0.7096
469,桑飞虹,胡斐,0.7062
470,李秋水,段誉,0.7022
471,程瑶迦,郭靖,0.702
472,菊剑,段誉,0.6978
473,耶律洪基,段誉,0.6963
474,仇松年,令狐冲,0.6928
475,费要多罗,韦小宝,0.6879
476,荣彩,袁承志,0.687
477,周威信,卓天雄,0.6869
478,马善均,陈家洛,0.6865
479,武青婴,张无忌,0.6864
480,风良,石破天,0.6827
481,阿三,张无忌,0.6816
482,温仪,袁承志,0.679
483,阿凡提,陈家洛,0.6776
484,白龟寿,张无忌,0.6762
485,平阿四,胡斐,0.6758
486,梅剑,段誉,0.6733
487,掌钵龙头,张无忌,0.6727
488,封不平,令狐冲,0.6726
489,齐自勉,石破天,0.6688
490,施戴子,令狐冲,0.6651
491,吕留良,韦小宝,0.6649
492,龙岛主,石破天,0.6646
493,包惜弱,郭靖,0.6612
494,术赤,郭靖,0.6609
495,书僮,陈家洛,0.6605
496,熊元献,陶子安,0.6604
497,都大锦,张无忌,0.6589
498,鲍大楚,令狐冲,0.6584
499,孙思克,韦小宝,0.6534
500,钟镇,令狐冲,0.6532
501,李西华,韦小宝,0.6513
502,单铁生,袁承志,0.6498
503,空心菜,狄云,0.6489
504,阎世章,陈家洛,0.6476
505,张君宝,杨过,0.647
506,周大奶奶,陈家洛,0.645
507,吴国栋,陈家洛,0.6449
508,天山童姥,段誉,0.6444
509,蓝凤凰,令狐冲,0.6416
510,诸保昆,段誉,0.64
511,博尔术,郭靖,0.6399
512,史镖头,令狐冲,0.6393
513,殷吉,曹云奇,0.6371
514,梁自进,石破天,0.6371
515,焦文期,陈家洛,0.637
516,万庆澜,陈家洛,0.6368
517,段天德,郭靖,0.6353
518,周云阳,曹云奇,0.6348
519,汤和,张无忌,0.6348
520,姜铁山,胡斐,0.6346
521,罗人杰,令狐冲,0.6306
522,大苦,陈家洛,0.6287
523,汪啸风,狄云,0.6286
524,无尘道人,陈家洛,0.6285
525,温正,袁承志,0.6275
526,周圻,狄云,0.627
527,陈玄风,郭靖,0.626
528,马光佐,杨过,0.6255
529,沈城,狄云,0.6239
530,谭处端,郭靖,0.6238
531,温方施,袁承志,0.6206
532,脚夫,胡斐,0.6206
533,铁匠,杨过,0.6178
534,宗维侠,张无忌,0.6172
535,察合台,郭靖,0.6144
536,玄苦,段誉,0.6117
537,兰剑,段誉,0.6106
538,天镜,陈家洛,0.609
539,侍剑,石破天,0.6082
540,敖彪,韦小宝,0.6068
541,渔人,郭靖,0.6051
542,大头鬼,杨过,0.6
543,温南扬,袁承志,0.5996
544,喀丝丽,陈家洛,0.599
545,樵子,郭靖,0.5984
546,方人智,令狐冲,0.5983
547,常金鹏,张无忌,0.5951
548,曲非烟,令狐冲,0.5951
549,陶红英,韦小宝,0.5949
550,无尘道长,陈家洛,0.5942
551,瑞栋,韦小宝,0.5926
552,于嫂,令狐冲,0.5919
553,妙风使,张无忌,0.5915
554,范帮主,胡斐,0.591
555,史仲猛,杨过,0.5902
556,武烈,张无忌,0.5898
557,陆乘风,郭靖,0.5889
558,玉玑子,令狐冲,0.5879
559,陈冲之,石破天,0.5878
560,丁勉,令狐冲,0.5831
561,郁光标,段誉,0.583
562,罗大千,袁承志,0.5819
563,萧半和,卓天雄,0.5816
564,李志常,郭靖,0.5798
565,无崖子,段誉,0.5796
566,孙均,狄云,0.5776
567,木华黎,郭靖,0.5776
568,玄痛,段誉,0.5769
569,天虚,石破天,0.5753
570,古笃诚,段誉,0.5749
571,巴泰,袁承志,0.5747
572,夏国相,韦小宝,0.573
573,王武通,韦小宝,0.5722
574,都史,郭靖,0.5698
575,逍遥子,盖一鸣,0.569
576,教长,令狐冲,0.5668
577,玉如意,陈家洛,0.5637
578,冷谦,张无忌,0.5628
579,博尔忽,郭靖,0.5627
580,姬晓峰,胡斐,0.5618
581,阳顶天,张无忌,0.5611
582,吊死鬼,杨过,0.5601
583,宋长老,段誉,0.5578
584,柯万钧,石破天,0.5576
585,阿二,张无忌,0.5572
586,曾图南,陈家洛,0.5546
587,孙刚峰,胡斐,0.5537
588,慧方,段誉,0.5528
589,行颠,韦小宝,0.5515
590,摘星子,段誉,0.55
591,张康,袁承志,0.5487
592,于人豪,令狐冲,0.5481
593,无青子,胡斐,0.5477
594,齐云,袁承志,0.5459
595,司徒千钟,张无忌,0.5449
596,卢一峰,韦小宝,0.5446
597,霍元龙,苏普,0.5435
598,本观,段誉,0.5433
599,玉灵道人,令狐冲,0.5433
600,玄生,段誉,0.5426
601,孙伏虎,胡斐,0.5401
602,郭玉堂,胡斐,0.5384
603,本参,段誉,0.5356
604,钱正伦,陈家洛,0.5346
605,廖自砺,石破天,0.5339
606,薛公远,张无忌,0.5334
607,郑三娘,陶子安,0.5333
608,赛总管,胡斐,0.5328
609,澄心,韦小宝,0.5294
610,冯不摧,袁承志,0.5289
611,何三七,令狐冲,0.5282
612,李三,苏普,0.5272
613,神山上人,段誉,0.5268
614,桑土公,段誉,0.5261
615,唐文亮,张无忌,0.5261
616,教士,韦小宝,0.5258
617,李萍,郭靖,0.5255
618,红娘子,袁承志,0.5252
619,本相,段誉,0.5238
620,白寒松,韦小宝,0.5235
621,佟国纲,韦小宝,0.5221
622,萧远山,段誉,0.5221
623,邓愈,张无忌,0.521
624,玉音子,令狐冲,0.5205
625,梁发,令狐冲,0.5187
626,周牧,石破天,0.5152
627,竹剑,段誉,0.5136
628,吴道通,石破天,0.5099
629,郑镖头,令狐冲,0.5094
630,宋善朋,陈家洛,0.509
631,黄伯流,令狐冲,0.5085
632,傅思归,段誉,0.5085
633,流云使,张无忌,0.5067
634,司徒伯雷,韦小宝,0.5059
635,高老者,张无忌,0.5043
636,严三星,令狐冲,0.503
637,冯阿三,段誉,0.5026
638,王保保,张无忌,0.5022
639,辉月使,张无忌,0.5018
640,柳燕,韦小宝,0.4999
641,圆音,张无忌,0.4997
642,花剑影,盖一鸣,0.4997
643,霍阿伊,陈家洛,0.4968
644,洪人雄,令狐冲,0.4967
645,玉磬子,令狐冲,0.4962
646,展飞,石破天,0.4952
647,皇甫阁,韦小宝,0.4949
648,于万亭,陈家洛,0.4917
649,姚春,韦小宝,0.4908
650,倪不大,胡斐,0.4903
651,倪不小,胡斐,0.4903
652,杨宾,胡斐,0.4903
653,木岛主,石破天,0.4902
654,洪朝,韦小宝,0.4901
655,史登达,令狐冲,0.4895
656,彭长老,郭靖,0.4886
657,何思豪,胡斐,0.4875
658,呼延万善,石破天,0.4862
659,吕小妹,胡斐,0.4856
660,丁大全,韦小宝,0.4851
661,凌退思,狄云,0.4839
662,大智禅师,胡斐,0.4837
663,洪凌波,杨过,0.4822
664,许雪亭,韦小宝,0.4819
665,瑞婆婆,段誉,0.4806
666,辛国梁,令狐冲,0.4804
667,常长风,盖一鸣,0.4795
668,刘宗敏,袁承志,0.479
669,冯不破,袁承志,0.4789
670,王难姑,张无忌,0.4789
671,冯坦,狄云,0.4784
672,矮老者,张无忌,0.4761
673,史叔刚,杨过,0.4744
674,易三娘,张无忌,0.4738
675,吴光胜,段誉,0.4734
676,詹春,张无忌,0.4723
677,安奉日,石破天,0.4716
678,完颜洪熙,郭靖,0.4713
679,简长老,郭靖,0.4699
680,慕天颜,韦小宝,0.4665
681,陈七,令狐冲,0.4651
682,无常鬼,陈家洛,0.4651
683,大悲老人,石破天,0.4645
684,刘芳亮,袁承志,0.4627
685,李傀儡,段誉,0.4616
686,石嫂,段誉,0.4615
687,耶律燕,杨过,0.4606
688,鲜于通,张无忌,0.4599
689,孟铮,袁承志,0.4589
690,云鹤,张无忌,0.4585
691,彭三春,陈家洛,0.4577
692,童百熊,令狐冲,0.4557
693,董开山,袁承志,0.4552
694,觉远大师,张无忌,0.4551
695,高则成,张无忌,0.4546
696,静玄师太,张无忌,0.4537
697,吴大鹏,韦小宝,0.4528
698,丁坚,令狐冲,0.4526
699,宋天保,陈家洛,0.4522
700,祁清彪,韦小宝,0.4517
701,王伯奋,令狐冲,0.4514
702,黎刚,袁承志,0.451
703,王志坦,郭靖,0.4501
704,老不死,令狐冲,0.4497
705,钱通四,袁承志,0.4491
706,张淡月,韦小宝,0.449
707,史仲俊,苏普,0.4488
708,马博仁,韦小宝,0.4483
709,补锅匠,胡斐,0.4478
710,蔡威,胡斐,0.4436
711,朱祖荫,陈家洛,0.4424
712,成不忧,令狐冲,0.4412
713,蒋涛,张无忌,0.439
714,室里,段誉,0.4386
715,钟兆文,胡斐,0.4382
716,宗雄,胡斐,0.437
717,智光大师,段誉,0.4366
718,张九,胡斐,0.4365
719,闻万夫,石破天,0.4357
720,史伯威,杨过,0.4347
721,陈大方,韦小宝,0.4331
722,梁长老,郭靖,0.4328
723,姚伯当,段誉,0.432
724,守备,韦小宝,0.4319
725,罕贴摩,韦小宝,0.4317
726,汤若望,韦小宝,0.4316
727,闻先生,令狐冲,0.431
728,向大年,令狐冲,0.4307
729,桑斯,苏普,0.4302
730,吴领军,段誉,0.4297
731,刘乘风,狄云,0.4295
732,马大挺,陈家洛,0.4289
733,五姑,张无忌,0.4289
734,卓不凡,段誉,0.427
735,黄宗羲,韦小宝,0.427
736,孙三毁,张无忌,0.4241
737,笑脸鬼,杨过,0.4234
738,贝锦仪,张无忌,0.4234
739,木桑道长,袁承志,0.4196
740,圆业,张无忌,0.4188
741,温有方,韦小宝,0.418
742,赤老温,郭靖,0.4177
743,梅芳姑,石破天,0.4175
744,贾布,令狐冲,0.4173
745,上官虹,苏普,0.4173
746,高克新,令狐冲,0.4169
747,乾隆皇帝,陈家洛,0.4165
748,平婆婆,段誉,0.4155
749,殷无福,张无忌,0.4152
750,李四摧,张无忌,0.4142
751,祁天彪,张无忌,0.4115
752,胡逸之,韦小宝,0.4115
753,尉迟连,胡斐,0.4111
754,周英杰,陈家洛,0.4092
755,于管家,胡斐,0.4081
756,吴劲草,张无忌,0.4079
757,太皇太后,韦小宝,0.4078
758,潘天耕,杨过,0.4078
759,段正明,段誉,0.4064
760,司徒鹤,韦小宝,0.4064
761,王惟忠,韦小宝,0.4061
762,王仲强,令狐冲,0.4057
763,老王,陈家洛,0.4057
764,陆天抒,狄云,0.4048
765,沙老大,袁承志,0.4036
766,黎生,郭靖,0.4036
767,冯辉,陈家洛,0.4015
768,净济,韦小宝,0.4015
769,武三娘,杨过,0.4007
770,白熊,令狐冲,0.3991
771,澄通,韦小宝,0.3989
772,鹿清笃,杨过,0.398
773,辛双清,段誉,0.3979
774,花云,张无忌,0.3979
775,王家驹,令狐冲,0.396
776,吴平,袁承志,0.3953
777,天竺僧,杨过,0.3945
778,于八,韦小宝,0.3943
779,童怀道,胡斐,0.3943
780,元义方,韦小宝,0.3937
781,钟兆英,胡斐,0.3934
782,大痴,陈家洛,0.3929
783,齐洛诺夫,韦小宝,0.3925
784,西宝,令狐冲,0.3925
785,赫连铁树,段誉,0.3903
786,黑熊,令狐冲,0.3901
787,觉月,令狐冲,0.3894
788,慧真,段誉,0.3887
789,林远图,令狐冲,0.3883
790,丧门鬼,杨过,0.3855
791,易师爷,令狐冲,0.3837
792,符敏仪,段誉,0.3837
793,史松,韦小宝,0.383
794,大癫,陈家洛,0.383
795,覃天丞,陈家洛,0.3827
796,卫四娘,张无忌,0.3821
797,文醉翁,胡斐,0.3812
798,公孙绿萼,杨过,0.3809
799,易大彪,段誉,0.3803
800,侯人英,令狐冲,0.3792
801,杜百当,张无忌,0.379
802,钱二败,张无忌,0.3783
803,夏胄,张无忌,0.3773
804,华伯斯基,韦小宝,0.3759
805,净清,韦小宝,0.3758
806,吴良,张无忌,0.3754
807,南怀仁,韦小宝,0.3746
808,赵一伤,张无忌,0.3738
809,马佑,韦小宝,0.3733
810,止清,段誉,0.3732
811,耶律重元,耶律涅鲁古,0.373
812,耶律涅鲁古,耶律重元,0.373
813,郑长老,张无忌,0.3718
814,张一氓,黄蓉,0.3717
815,殷锦,韦小宝,0.3716
816,石骏,袁承志,0.3716
817,岳老三,段誉,0.3712
818,庄允城,韦小宝,0.371
819,平四,胡斐,0.3709
820,褚圆,陈家洛,0.3706
821,殷无禄,张无忌,0.3694
822,宁完我,袁承志,0.3691
823,马齐,陈家洛,0.3688
824,百草仙,黄蓉,0.3677
825,游骥,段誉,0.3676
826,乐厚,令狐冲,0.3663
827,米为义,令狐冲,0.3663
828,易国梓,令狐冲,0.3649
829,哑婆婆,令狐冲,0.3647
830,史红石,张无忌,0.3638
831,宫九佳,张无忌,0.363
832,袁夫人,卓天雄,0.3616
833,张春九,袁承志,0.3607
834,龙德邻,袁承志,0.3604
835,桃红,狄云,0.3601
836,常敬之,张无忌,0.36
837,施令威,令狐冲,0.3599
838,黄希节,胡斐,0.3598
839,小沙弥,郭靖,0.3596
840,祖大寿,袁承志,0.3593
841,范中恩,陈家洛,0.3582
842,刘竹庄,段誉,0.3569
843,温有道,韦小宝,0.3563
844,方有德,陈家洛,0.3558
845,上官铁生,胡斐,0.3549
846,贾人达,令狐冲,0.3544
847,袁枚,郑板桥,0.3543
848,汪万翼,石破天,0.3541
849,马大鸣,狄云,0.3541
850,潘秀达,袁承志,0.3534
851,米横野,石破天,0.353
852,长青子,令狐冲,0.3515
853,鲍千灵,段誉,0.351
854,鲍承先,袁承志,0.3508
855,姚清泉,张无忌,0.35
856,圣因师太,黄蓉,0.3494
857,催命鬼,杨过,0.3492
858,静慧,张无忌,0.3487
859,崔镖头,令狐冲,0.3484
860,静虚师太,张无忌,0.3482
861,上官毅山,陈家洛,0.3465
862,马法通,张无忌,0.3456
863,齐元凯,韦小宝,0.3455
864,殷无寿,张无忌,0.3452
865,苟读,段誉,0.3448
866,游驹,段誉,0.3446
867,贾老六,韦小宝,0.3443
868,戴永明,陈家洛,0.3439
869,麦鲸,张无忌,0.3432
870,司马大,令狐冲,0.3432
871,武铭,陈家洛,0.3431
872,冯同知,袁承志,0.3426
873,吴祯,张无忌,0.3412
874,南兰,胡斐,0.3405
875,石清露,段誉,0.3402
876,蓝秦,胡斐,0.3395
877,雷一啸,韦小宝,0.3387
878,冯默风,杨过,0.3384
879,孟铸,袁承志,0.3384
880,奚长老,段誉,0.3382
881,宋德方,郭靖,0.336
882,慧观,段誉,0.3357
883,易吉,胡斐,0.3354
884,照虚,石破天,0.3353
885,林朝英,杨过,0.3344
886,韩春霖,陈家洛,0.3343
887,冯振武,石破天,0.3342
888,杜希孟,胡斐,0.3341
889,曹能,陈家洛,0.333
890,方天劳,杨过,0.3328
891,德布,陈家洛,0.3327
892,苏习之,张无忌,0.3322
893,琴儿,胡斐,0.3318
894,卫天望,杨过,0.3317
895,老吴,韦小宝,0.3317
896,和尔大,陈家洛,0.331
897,心溪,韦小宝,0.3307
898,万里风,袁承志,0.3306
899,高里津,韦小宝,0.3299
900,英白罗,令狐冲,0.3294
901,邓八公,令狐冲,0.3294
902,季镖头,令狐冲,0.3282
903,杰书,韦小宝,0.3271
904,阿里,陈家洛,0.3267
905,田见秀,袁承志,0.3254
906,欧阳公政,胡斐,0.3253
907,侯飞文,袁承志,0.325
908,迟玄,陈家洛,0.3243
909,忽伦大虎,陈家洛,0.3235
910,马敬侠,陈家洛,0.3235
911,元澄道人,石破天,0.3223
912,龙骏,陈家洛,0.3219
913,蒙哥,郭靖,0.3216
914,郑板桥,郑板桥,0.3208
915,沈德潜,郑板桥,0.3208
916,杨夫人,张无忌,0.3207
917,葛长老,令狐冲,0.3197
918,祁志诚,郭靖,0.3192
919,枯木,郭靖,0.318
920,范文程,袁承志,0.3177
921,章老三,韦小宝,0.3161
922,小翠,石破天,0.3161
923,解风,令狐冲,0.316
924,水云道人,袁承志,0.3151
925,人厨子,黄蓉,0.3146
926,余人彦,令狐冲,0.3141
927,史秉光,袁承志,0.3135
928,吕文德,郭靖,0.3132
929,中年武师,胡斐,0.3115
930,俏鬼,杨过,0.3112
931,过三拳,张无忌,0.3102
932,裘千丈,郭靖,0.3092
933,马青雄,郭靖,0.3078
934,马宝,韦小宝,0.3074
935,龚光杰,段誉,0.3053
936,黄国柏,令狐冲,0.3045
937,水鉴,袁承志,0.3037
938,张若谷,袁承志,0.3037
939,庄夫人,韦小宝,0.3033
940,子聪,郭靖,0.3021
941,吴长风,段誉,0.3021
942,陶钧,令狐冲,0.3018
943,梦姑,段誉,0.3017
944,史小翠,石破天,0.3016
945,者勒米,郭靖,0.3012
946,王家骏,令狐冲,0.3011
947,钱青健,郭靖,0.301
948,阎世魁,陈家洛,0.3008
949,汪浩天,陈家洛,0.3003
950,南仁通,胡斐,0.3002
951,张信,袁承志,0.2992
952,邵鹤,张无忌,0.2981
953,安剑清,袁承志,0.2976
954,梅文馨,石破天,0.2976
955,农妇,袁承志,0.2973
956,阿济赤,韦小宝,0.295
957,曹司朋,陈家洛,0.2947
958,聂钺,胡斐,0.2943
959,慧净,段誉,0.2942
960,马公子,袁承志,0.2937
961,王潭,韦小宝,0.2931
962,岑其斯,袁承志,0.2927
963,余婆婆,段誉,0.2912
964,沈青刚,郭靖,0.2904
965,贝人龙,陈家洛,0.2903
966,天松道人,令狐冲,0.2902
967,史秉文,袁承志,0.29
968,平旺先,陈家洛,0.29
969,王铁匠,胡斐,0.2899
970,胖商人,胡斐,0.2891
971,无相禅师,杨过,0.289
972,吴六破,张无忌,0.2884
973,孙万年,石破天,0.2874
974,褚万春,石破天,0.2874
975,严妈妈,段誉,0.2873
976,澄识,韦小宝,0.2867
977,夏雪宜,袁承志,0.2865
978,麦少帮主,张无忌,0.2863
979,耶律楚材,杨过,0.2855
980,封坛主,张无忌,0.2852
981,瘦丐,郭靖,0.2851
982,马五德,段誉,0.2843
983,蒋天寿,陈家洛,0.2827
984,郭破虏,杨过,0.2811
985,努儿海,段誉,0.281
986,梅良鸣,陈家洛,0.2808
987,齐伯涛,胡斐,0.2795
988,陈高波,胡斐,0.2795
989,季长老,张无忌,0.2792
990,孙老三,陈家洛,0.2788
991,胡老三,袁承志,0.2785
992,吴青烈,郭靖,0.2773
993,陆伯,陈家洛,0.2772
994,黄甫,韦小宝,0.2768
995,丁游,袁承志,0.2755
996,小凤,张无忌,0.275
997,相国夫人,胡斐,0.2749
998,小王将军,韦小宝,0.2749
999,呼巴音,韦小宝,0.2747
1000,申人俊,令狐冲,0.2747
1001,桑三娘,令狐冲,0.2746
1002,若克琳,袁承志,0.2742
1003,杨光,石破天,0.2738
1004,方东白,张无忌,0.2733
1005,钟兆能,胡斐,0.2728
1006,瘦商人,胡斐,0.2721
1007,狄修,令狐冲,0.2706
1008,建除,令狐冲,0.2705
1009,吉人通,令狐冲,0.2703
1010,解文豹,石破天,0.2703
1011,丑脸汉子,石破天,0.2699
1012,单伯山,段誉,0.2698
1013,程坛主,张无忌,0.2698
1014,辛然,张无忌,0.2693
1015,姜师叔,段誉,0.2692
1016,尤得胜,石破天,0.2687
1017,舒奇,令狐冲,0.268
1018,元悲,陈家洛,0.2679
1019,元伤,陈家洛,0.2679
1020,元痛,陈家洛,0.2679
1021,白脸人,袁承志,0.2675
1022,黄须人,袁承志,0.2675
1023,乌旺阿普,张无忌,0.2665
1024,胡夫人,张无忌,0.2664
1025,邝天雄,韦小宝,0.2658
1026,罗信,陈家洛,0.2653
1027,灵虚,石破天,0.2647
1028,张中,张无忌,0.2647
1029,教书先生,狄云,0.2636
1030,察罕特穆尔,张无忌,0.2636
1031,蕊初,韦小宝,0.2632
1032,程维藩,韦小宝,0.2631
1033,郑七灭,张无忌,0.2629
1034,王八衰,张无忌,0.2629
1035,周五输,张无忌,0.2629
1036,胡老爷,陈家洛,0.2621
1037,蔡德忠,韦小宝,0.262
1038,孙大善,陈家洛,0.2619
1039,崔瞎子,韦小宝,0.2613
1040,桑拉巴,陈家洛,0.2613
1041,富春,韦小宝,0.2608
1042,乔福,张无忌,0.2605
1043,图尔布青,韦小宝,0.2602
1044,马喇,韦小宝,0.2601
1045,耶律晋,杨过,0.2598
1046,谭文理,袁承志,0.259
1047,沙天江,令狐冲,0.2585
1048,卜沉,令狐冲,0.2585
1049,哑梢公,郭靖,0.2585
1050,韩无垢,黄蓉,0.258
1051,宁中则,令狐冲,0.2578
1052,宋五,杨过,0.2562
1053,梅念笙,狄云,0.2561
1054,点苍渔隐,杨过,0.256
1055,震山子,令狐冲,0.256
1056,缘根,段誉,0.2556
1057,圆心,张无忌,0.2556
1058,宋献策,袁承志,0.2541
1059,静迦,张无忌,0.254
1060,哈赤大师,胡斐,0.2525
1061,杜长老,令狐冲,0.2525
1062,静照,张无忌,0.2523
1063,单季山,段誉,0.2517
1064,曲三,郭靖,0.2509
1065,马家骏,苏普,0.2504
1066,神音,段誉,0.2494
1067,晦聪禅师,韦小宝,0.2483
1068,陆二娘,杨过,0.2468
1069,平威,韦小宝,0.2466
1070,杜立德,韦小宝,0.2466
1071,元广波,张无忌,0.2463
1072,司徒横,石破天,0.2457
1073,天鸣方丈,杨过,0.2451
1074,简管家,郭靖,0.245
1075,忽伦四虎,陈家洛,0.2443
1076,李廷豹,胡斐,0.2443
1077,阿尔尼,韦小宝,0.2438
1078,穆贵妃,段誉,0.2436
1079,哈总管,张无忌,0.2429
1080,万大平,令狐冲,0.2429
1081,任通武,胡斐,0.2415
1082,葛光佩,段誉,0.2408
1083,凤一鸣,胡斐,0.2398
1084,张十五,郭靖,0.2393
1085,韩千叶,张无忌,0.2392
1086,闻苍松,张无忌,0.2385
1087,胖丐,郭靖,0.2385
1088,哈大霸,段誉,0.2381
1089,崔绿华,段誉,0.2375
1090,西灵道人,胡斐,0.237
1091,幽草,段誉,0.2369
1092,张妈,韦小宝,0.2367
1093,天虹禅师,陈家洛,0.2353
1094,出尘子,段誉,0.2351
1095,凯别兴,陈家洛,0.2349
1096,程青霜,段誉,0.2342
1097,卜泰,张无忌,0.2336
1098,张飞雄,胡斐,0.2332
1099,忽伦二虎,陈家洛,0.233
1100,阿胜,段誉,0.2328
1101,王诚,令狐冲,0.2328
1102,李春来,段誉,0.2328
1103,纳斯尔丁,陈家洛,0.2315
1104,鲁连荣,令狐冲,0.2315
1105,余兆兴,郭靖,0.2314
1106,天竺僧人,郭靖,0.2311
1107,舒化龙,韦小宝,0.231
1108,吴柏英,令狐冲,0.2304
1109,周孤桐,令狐冲,0.2304
1110,祝镖头,张无忌,0.2297
1111,丁同,苏普,0.2291
1112,曹猛,胡斐,0.2279
1113,宗赞王子,段誉,0.2278
1114,欧阳牧之,张无忌,0.2275
1115,鱼贩头子,狄云,0.227
1116,小菊,袁承志,0.2268
1117,谭青,段誉,0.2266
1118,讨债鬼,杨过,0.2256
1119,孙克通,陈家洛,0.2256
1120,周隆,胡斐,0.2247
1121,凤七,胡斐,0.2244
1122,姜小铁,胡斐,0.224
1123,单叔山,段誉,0.2239
1124,卫周祚,韦小宝,0.2238
1125,对喀纳,韦小宝,0.2238
1126,申志凡,杨过,0.2223
1127,王师兄,胡斐,0.2218
1128,吕毅中,韦小宝,0.2215
1129,单小山,段誉,0.2211
1130,孟正鸿,张无忌,0.2205
1131,丛不弃,令狐冲,0.2195
1132,郑光芝,石破天,0.2194
1133,洪安通,韦小宝,0.2186
1134,褚轰,胡斐,0.218
1135,张志光,杨过,0.2178
1136,周阿三,陈家洛,0.2176
1137,焦木和尚,郭靖,0.2176
1138,平等宝树王,张无忌,0.2172
1139,庄铮,张无忌,0.2162
1140,九死生,黄蓉,0.2162
1141,柔儿,杨过,0.2161
1142,藏边五丑,杨过,0.2149
1143,崔百胜,胡斐,0.2149
1144,寿南山,张无忌,0.2149
1145,忽伦三虎,陈家洛,0.2137
1146,林永超,韦小宝,0.2137
1147,黎夫人,段誉,0.2133
1148,杨中慧,卓天雄,0.2133
1149,木文察,胡斐,0.2115
1150,黄面道人,石破天,0.2108
1151,泉建男,张无忌,0.2098
1152,德鄂,陈家洛,0.2098
1153,昌齐,韦小宝,0.2089
1154,齐心宝树王,张无忌,0.2084
1155,俱明宝树王,张无忌,0.2084
1156,吕葆中,韦小宝,0.2082
1157,高明根,令狐冲,0.2078
1158,容子矩,段誉,0.2073
1159,汤祖德,郭靖,0.2054
1160,孟师叔,段誉,0.2052
1161,瑞芳,陈家洛,0.2038
1162,邓炳春,韦小宝,0.2038
1163,杨景亭,袁承志,0.2034
1164,唐六爷,陈家洛,0.2033
1165,老李,袁承志,0.203
1166,刚相,陈家洛,0.203
1167,崔志方,郭靖,0.203
1168,任盈盈,令狐冲,0.2029
1169,贺老三,张无忌,0.2016
1170,贾老者,段誉,0.2013
1171,刘之余,胡斐,0.2012
1172,小虹,张无忌,0.2006
1173,小玲,张无忌,0.2006
1174,谭迪人,令狐冲,0.2004
1175,刘菁,令狐冲,0.2003
1176,齐堂主,令狐冲,0.2001
1177,易堂主,令狐冲,0.2001
1178,静空,张无忌,0.2001
1179,小棒头,杨过,0.1999
1180,吴天德,令狐冲,0.1998
1181,水福,狄云,0.1991
1182,邵燕,张无忌,0.1987
1183,平夫人,令狐冲,0.1981
1184,张全祥,段誉,0.1977
1185,姜文,郭靖,0.1975
1186,盖运聪,郭靖,0.1975
1187,聋哑婆婆,令狐冲,0.197
1188,摩诃巴思,张无忌,0.1968
1189,胖妇人,郭靖,0.1967
1190,夏老拳师,令狐冲,0.1962
1191,蓝天和,杨过,0.1961
1192,阿洪,段誉,0.1951
1193,英颚,令狐冲,0.1951
1194,来福儿,段誉,0.1947
1195,葛通,韦小宝,0.1943
1196,陈歪嘴,令狐冲,0.1939
1197,路副将,韦小宝,0.1933
1198,俞朝奉,胡斐,0.1928
1199,煞神鬼,杨过,0.1927
1200,晴画,陈家洛,0.1927
1201,萨多,郭靖,0.1916
1202,苏辙,韦小宝,0.1908
1203,王掌柜,胡斐,0.1905
1204,张安官,陈家洛,0.19
1205,唐洋,张无忌,0.19
1206,端木元,段誉,0.1895
1207,青灵子,杨过,0.1889
1208,陈孤雁,段誉,0.1885
1209,张总管,胡斐,0.188
1210,米思翰,韦小宝,0.1877
1211,朴者和尚,段誉,0.1867
1212,邱山风,石破天,0.1865
1213,云岛主,段誉,0.1861
1214,胡青羊,张无忌,0.1854
1215,温仁厚,石破天,0.1843
1216,秦老五,张无忌,0.1838
1217,项长老,段誉,0.1837
1218,天乙道人,令狐冲,0.1829
1219,神照上人,韦小宝,0.1826
1220,蒋调侯,胡斐,0.1823
1221,图海道,韦小宝,0.1822
1222,尹章垓,陈家洛,0.1815
1223,忽都虎,郭靖,0.1814
1224,彭参将,韦小宝,0.181
1225,乔寨主,郭靖,0.1799
1226,郝密,张无忌,0.1797
1227,德成,张无忌,0.1796
1228,天狼子,段誉,0.1795
1229,黄二毛子,袁承志,0.1784
1230,阿根,段誉,0.1784
1231,李大元,石破天,0.178
1232,蛇皮张,胡斐,0.1776
1233,呼音克,陈家洛,0.1772
1234,麻衣汉子,令狐冲,0.1769
1235,王二叔,令狐冲,0.1763
1236,刘敖,张无忌,0.1763
1237,瓦尔拉齐,苏普,0.1753
1238,叶长青,张无忌,0.1752
1239,王老六,胡斐,0.1745
1240,沙广天,袁承志,0.1743
1241,菊友,狄云,0.1742
1242,唐光雄,段誉,0.1722
1243,耶律莫哥,段誉,0.1721
1244,海大富,韦小宝,0.1718
1245,西奥图三世,韦小宝,0.1714
1246,刘芹,令狐冲,0.171
1247,童大海,郭靖,0.1706
1248,菊芳,韦小宝,0.1701
1249,狄镖头,令狐冲,0.1699
1250,钟志灵,韦小宝,0.1697
1251,李式开,韦小宝,0.1695
1252,王十三,杨过,0.169
1253,祁六三,段誉,0.1681
1254,秦栋,袁承志,0.1679
1255,司徒雷,胡斐,0.1673
1256,苏梦清,张无忌,0.1665
1257,义生,袁承志,0.1664
1258,凌霜华,狄云,0.1663
1259,鄂尔多,郭靖,0.1659
1260,静智大师,曹云奇,0.1644
1261,曲傻姑,郭靖,0.1639
1262,狮鼻子,郭靖,0.1633
1263,胡德第,张无忌,0.1626
1264,江百胜,韦小宝,0.1617
1265,玉钟子,令狐冲,0.1614
1266,宝象和尚,狄云,0.1612
1267,云素梅,韦小宝,0.1604
1268,五符,令狐冲,0.1602
1269,常胜宝树王,张无忌,0.1601
1270,许卓诚,韦小宝,0.1596
1271,假东方不败,令狐冲,0.1582
1272,成高道人,令狐冲,0.1578
1273,巴颜法师,韦小宝,0.1575
1274,太虚子,张无忌,0.1573
1275,枯荣长老,段誉,0.1571
1276,李万山,石破天,0.157
1277,西门观止,郭靖,0.1559
1278,韦春花,韦小宝,0.1558
1279,劳太监,韦小宝,0.1558
1280,邝宝官,胡斐,0.1556
1281,张二叔,杨过,0.1554
1282,黄眉和尚,段誉,0.1547
